tracking_number,code
0215142000028622,500
0215142000028622,500
0215142000061953,500
0215142000079898,500
0806542000129251,500
5408072000005161,500
0806542000161098,500
0806552000010658,500
0806552000010674,500
0806552000010682,500
0215142000121260,500
0120142000023866,500
0215152000018648,500
5408072000005963,500
0120132000206660,500
0120132000204566,500
0806542000181880,500
0215142000148388,500
0120132000209177,500
0120132000208476,500
0120132000233243,500
0120132000213138,500
0215142000141391,500
0806542000205788,500
0806542000217957,500
0215142000142233,500
0215142000142233,500
0215142000142233,500
0215142000142233,500
0215142000143777,500
0120132000234985,500
0215142000149923,500
0806542000226883,500
0120132000228524,500
0120132000233532,500
0120132000246518,500
0120132000245783,500
0215142000149865,500
0120132000243598,500
0215142000192378,500
0215142000162249,500
0120132000273306,500
0120132000273306,500
0120132000273306,500
0806542000241262,500
0120132000264081,500
0215142000205634,500
0806542000248952,500
0215142000167636,500
0215142000167636,500
0215142000167636,500
0215142000176777,500
0120132000272605,500
0806542000264983,500
0606802000002375,500
0606802000002375,500
0606802000002375,500
0606802000002342,500
0606802000002342,500
0606802000002342,500
0120132000297651,500
0606802000002672,500
0606802000002672,500
0606802000002672,500
0120132000313466,500
0215142000192238,500
0120132000311700,500
0806542000296381,500
0806542000296787,500
0120132000292371,500
0606802000002664,500
0606802000002664,500
0606802000002664,500
0215142000188178,500
0806542000299757,500
0806542000308954,500
0806542000309630,500
0806542000309697,500
0806542000309655,500
0215142000207440,500
0120132000317673,500
0120132000317129,500
0806542000322708,500
0806542000322930,500
0806542000320991,500
0806552000027298,500
0806542000330586,500
0806542000353489,500
0215142000220120,500
0806542000348943,500
0215142000223108,500
0215142000221391,500
0806542000358918,500
0120132000366159,500
0806542000387222,500
0215142000238882,500
0806542000412715,500
0806542000418761,500
0806542000420072,500
0806542000414315,500
0120132000407482,500
3006982000005758,500
0215142000256926,500
0120132000401865,500
0120132000415022,500
0806542000447364,500
0806542000504222,500
0120132000438610,500
0120132000443362,500
0806542000505567,500
0120132000452546,500
0120132000452918,500
0120132000452918,500
0120132000455028,500
0120132000455036,500
0806542000522109,500
0215142000308594,500
0806552000044814,500
0806552000046355,500
5408072000020079,500
0806542000555836,500
0215142000309204,500
0215142000321290,500
0215142000354069,500
5408072000028478,500
0215152000051045,500
0806552000048955,500
0215142000367202,500
0215152000051144,500
0120142000059803,500
0215152000051417,500
0215152000051417,500
0215152000051474,500
0120132000558474,500
0215142000367111,500
0215152000051128,500
0806542000630233,500
0806542000627544,500
0215152000051458,500
0120142000060025,500
0120142000062443,500
0215142000368663,500
0215142000368663,500
0120132000549697,500
0215142000367624,500
0215152000051136,500
0215142000368556,500
0215142000368648,500
0120132000557237,500
0806552000049474,500
0215152000051227,500
0806542000644937,500
0120132000557385,500
0806542000638731,500
0806542000641875,500
0806542000642907,500
5408072000028080,500
0215142000377003,500
0806542000642253,500
0120132000559159,500
0120132000559159,500
0120132000559159,500
0306832000001062,500
0120132000557443,500
0120132000557443,500
0120132000557542,500
0215142000404047,500
0215142000369307,500
0120132000557617,500
0215142000369729,500
0806542000643699,500
0215142000369646,500
0806542000644341,500
0806542000645066,500
0120132000558458,500
0806542000651320,500
0806542000645397,500
0215142000369364,500
0120142000061999,500
0806542000664430,500
0806542000678786,500
0215152000052449,500
0215142000379462,500
0120132000580403,500
0120132000569158,500
0215152000063818,500
0215142000379785,500
0806542000662434,500
0120142000061700,500
0215142000400771,500
0215142000400771,500
0120132000592523,500
0120132000592523,500
0806552000051447,500
0120132000580494,500
0120132000580494,500
0806542000680949,500
0120132000573630,500
0806552000051504,500
5408072000027439,500
0806542000687738,500
0120142000065727,500
0120132000606844,500
0215142000378563,500
0120132000584892,500
0120132000588133,500
0215152000054833,500
0120132000579504,500
0606802000009982,500
0120132000592192,500
0120142000068036,500
0120132000610564,500
0806542000704723,500
0806542000685807,500
0120132000610671,500
0215142000388117,500
0120132000588265,500
0215152000055764,500
0120132000678207,500
0215142000395708,500
0215142000386608,500
0215142000427873,500
0215142000390600,500
0120132000611091,500
0806542000685179,500
0806542000695830,500
0806542000702248,500
0806542000695160,500
0806542000690484,500
0120142000069067,500
0806542000696226,500
0806542000696127,500
0806552000054383,500
0806542000747672,500
0120132000629309,500
0215142000403726,500
0120132000611646,500
0806542000710779,500
0806542000701281,500
1206052000000142,500
0806542000700192,500
0215142000396565,500
0215142000399106,500
0120142000070529,500
0120142000070529,500
0120132000604831,500
0806542000711942,500
0120132000599114,500
0806542000701695,500
0806542000701570,500
0120132000599882,500
0120132000619284,500
0120142000072368,500
0215142000400292,500
3006982000007507,500
0120132000617163,500
0120132000653226,500
0120132000616280,500
0120132000616280,500
0120142000067541,500
0806542000721115,500
0806542000802980,500
0215142000406471,500
0120142000067251,500
0120132000620571,500
2506842000001412,500
0215142000406539,500
0215142000412644,500
0120132000629499,500
0806542000728813,500
0806542000723186,500
0215142000407818,500
0120132000613782,500
0120142000070206,500
0806552000056438,500
0215142000408253,500
0806542000728045,500
0120132000616405,500
0806542000711017,500
0215142000405580,500
6304192000001102,500
0120132000622775,500
0120132000615472,500
0215142000410853,500
0806542000717329,500
0806542000720083,500
0120132000619391,500
0806542000773504,500
0215152000055913,500
0606802000011400,500
0806542000727450,500
5408082000004114,500
0120132000607917,500
0120132000607917,500
0806552000060299,500
0708082000001019,500
0806542000713526,500
0120132000680765,500
0120132000653184,500
0806542000713492,500
0215142000418633,500
5408072000031092,500
0806542000718442,500
0120132000621348,500
5806722000001291,500
0120132000620191,500
0215142000407255,500
0120132000653127,500
0306832000001443,500
0806542000732575,500
0806542000728557,500
0806542000716834,500
0120142000070057,500
0806542000732625,500
0120132000653036,500
0806552000056107,500
0120132000621256,500
0120132000621702,500
0806552000056842,500
0215142000408071,500
0215142000414053,500
0806542000727823,500
0806542000732690,500
0806542000721545,500
6304192000001169,500
0806542000719630,500
0120142000068531,500
0215142000416769,500
0120132000634184,500
0120132000630315,500
0215142000415548,500
0120132000643797,500
0120132000623625,500
0806542000745189,500
0215142000408931,500
0215142000412149,500
0215142000415563,500
0215142000420944,500
0806542000733052,500
0806552000057469,500
0215142000414236,500
0215142000430307,500
0606812000003745,500
0215142000412305,500
0215142000417874,500
0120132000648093,500
0806552000056479,500
0806552000056503,500
0215142000417882,500
0120132000622445,500
0120132000629382,500
1206052000000159,500
0806542000733409,500
0120132000623492,500
0806542000731395,500
0120142000069133,500
0215142000419888,500
0120142000072350,500
0120142000072350,500
0120142000069851,500
0806542000736188,500
0606802000011392,500
0806542000735230,500
0806542000728086,500
0806542000731924,500
0806542000731494,500
0806542000731502,500
0806542000728961,500
0806542000746658,500
0120132000624334,500
0120132000624334,500
0215142000417023,500
0215142000417197,500
0120132000630786,500
0606812000003430,500
0806552000062899,500
0806542000738739,500
0806542000741147,500
0120132000634762,500
0215142000419383,500
0215142000420423,500
0806542000780079,500
0120132000636262,500
0120132000636262,500
0120132000647988,500
0806542000734050,500
0120132000632998,500
0806552000057121,500
0806542000778842,500
0215142000421496,500
0120132000628863,500
0215142000430463,500
0120132000632501,500
0215142000422742,500
0215142000416470,500
0215142000417270,500
0120132000633129,500
0806542000735107,500
0806542000735057,500
0806542000731916,500
0606802000011806,500
0806542000734423,500
0806542000738275,500
0120132000631412,500
0806542000739091,500
0120132000634903,500
0120132000653069,500
0215142000444233,500
0215142000444415,500
0806542000736923,500
0806542000773520,500
0806542000740313,500
0806552000060307,500
0215152000059683,500
0120132000657391,500
0120132000634986,500
0120142000073481,500
0215152000058172,500
0215142000421306,500
0806552000058350,500
0215142000419854,500
0606802000011897,500
0806542000739422,500
0215142000425224,500
0806552000059168,500
0120132000661377,500
0120132000635009,500
0215152000059766,500
0120132000636510,500
0120132000636510,500
0120132000639795,500
0120132000649661,500
0806552000057618,500
0806542000739745,500
0806552000059523,500
0806552000057444,500
0806542000775137,500
0806542000740685,500
0806542000740594,500
0806552000057519,500
0120132000634416,500
0120132000653341,500
0215142000443854,500
0606802000012523,500
0806542000740743,500
3006982000007804,500
0120132000633798,500
0120132000633814,500
0120132000633806,500
0806542000750882,500
0120132000640066,500
0215152000060103,500
0806552000059507,500
0120132000644597,500
0120142000072285,500
0120142000072285,500
0120142000072285,500
0806542000751112,500
5408082000004072,500
0215142000465980,500
0806542000744570,500
0120132000640199,500
0120142000072228,500
0120132000637708,500
0120132000653192,500
0120142000075262,500
0215142000423385,500
0215142000433582,500
0215142000431214,500
0120132000638409,500
0806542000801826,500
0120132000640413,500
0806542000745486,500
0806542000749314,500
0120132000651477,500
0806542000744877,500
0806542000751476,500
0120132000640363,500
0806542000746237,500
0806542000744935,500
0806542000745965,500
0120132000647384,500
0806552000058210,500
0120132000640462,500
0806542000746260,500
0806542000751351,500
0215142000424409,500
0806542000800760,500
0120132000646196,500
0806552000059994,500
0120132000643524,500
0120132000653325,500
0215142000430505,500
0120132000646808,500
0120132000654018,500
0215142000439290,500
0806552000058855,500
0806542000747821,500
0806542000753761,500
0120142000072582,500
0120142000072582,500
0120142000072582,500
0120142000072582,500
1206042000001000,500
0120132000644340,500
0120142000072095,500
0120132000650024,500
0120132000645131,500
0120132000645131,500
0120132000648945,500
0120142000072756,500
0120142000072772,500
0215142000428913,500
0215142000430737,500
0806542000755683,500
0215142000428731,500
0806542000760378,500
0215152000060954,500
0215152000060962,500
0806542000754934,500
0806542000764685,500
0215142000436577,500
0120142000072129,500
0806542000748480,500
0120132000640843,500
0215142000432162,500
0215142000432162,500
0806542000755824,500
0806542000751955,500
0120132000651840,500
0120132000642294,500
0806542000757598,500
0120132000651899,500
0215142000426545,500
0806542000763794,500
0806542000756038,500
0806552000058988,500
0806552000059515,500
0120132000646394,500
0806542000752201,500
0215142000433103,500
0120132000646220,500
0120132000646220,500
0806542000752326,500
0120132000645024,500
0120132000645024,500
0806542000756236,500
0120132000649182,500
0120142000075304,500
0806542000778909,500
0806542000763802,500
0806542000764768,500
0215142000428533,500
0806542000755139,500
0806542000764586,500
0806542000764123,500
0215142000464785,500
0806542000763877,500
0215152000060285,500
0806542000764669,500
0215142000459090,500
0806542000757580,500
0215142000439449,500
0806542000755212,500
0606802000013182,500
0120132000655015,500
0215142000431420,500
0120132000686416,500
0215142000438714,500
0215142000438714,500
0806542000758356,500
0215142000434648,500
0806542000756566,500
0606802000013208,500
0120142000075833,500
0120132000643904,500
3006982000007929,500
0215142000432824,500
0215152000060970,500
0120132000655197,500
0120132000656005,500
0120132000656054,500
0806542000759065,500
0215142000431388,500
0806542000759750,500
0806542000757234,500
0120142000073150,500
0806542000764297,500
0120132000661864,500
0806552000060018,500
0215142000431727,500
0120142000074232,500
0120132000682498,500
0120132000656260,500
0215142000431560,500
0215142000431958,500
0215142000431958,500
0120132000656294,500
0708082000001142,500
0806542000760667,500
0215142000442708,500
0215142000442716,500
0806542000763562,500
0120132000650396,500
0806542000772068,500
0120132000654026,500
0120132000656328,500
0120132000650594,500
0215142000436569,500
0120132000656351,500
0806542000759529,500
0806542000760733,500
0806542000809050,500
0120132000649356,500
0120132000649356,500
0806542000759115,500
0120132000653143,500
0806542000770906,500
0120132000653903,500
0120132000683330,500
0120132000652715,500
0806542000760824,500
0806552000059887,500
0120132000652103,500
0806542000759610,500
0806542000780053,500
0806542000765278,500
0215142000435363,500
0120132000660379,500
0806542000806189,500
0120132000659256,500
0120142000072483,500
0120132000668158,500
0215142000432451,500
0120132000667176,500
0806542000765799,500
0120132000655205,500
0120132000656443,500
0120132000652632,500
0120132000658274,500
0606802000012937,500
0806542000761178,500
0806542000775962,500
0120132000652731,500
0120132000656484,500
0215142000446121,500
0606812000003760,500
0806542000767324,500
0606802000013158,500
0215142000433962,500
0806542000761087,500
0606812000003737,500
0806542000767407,500
0120132000683389,500
1206042000001067,500
0215142000435785,500
0120142000072178,500
0120142000072178,500
0120132000659017,500
0120132000659017,500
0606812000003729,500
0120132000657706,500
0120132000657706,500
0806552000060992,500
0806542000767480,500
0806542000767563,500
0215142000440868,500
0215142000438664,500
0215152000060772,500
0120132000657540,500
0120132000684015,500
0120132000654653,500
0120132000655684,500
0215142000444985,500
0120132000655221,500
0120132000654810,500
0120142000072517,500
0120132000656583,500
0120132000656583,500
0120132000676474,500
0806542000765682,500
0806542000806338,500
0606802000014115,500
0215142000434499,500
0215142000435637,500
0215142000435637,500
0120132000657961,500
0215142000438508,500
0120132000652723,500
0215142000437161,500
0215142000437161,500
0120142000073366,500
0215142000442823,500
0215142000442823,500
0806542000770716,500
0120132000652566,500
0806542000809068,500
0120132000685921,500
0215142000440884,500
0120132000662003,500
0215142000435108,500
0120132000651774,500
0806542000767613,500
0806542000767589,500
0806542000810199,500
0120132000651790,500
0120132000653861,500
0120132000660437,500
0120132000653887,500
0120132000688743,500
0806552000063863,500
0215142000435793,500
0120132000688537,500
0806542000766102,500
0120132000655056,500
0120142000072913,500
0120132000656682,500
0120132000652624,500
0120132000652665,500
0120132000656690,500
0120132000652004,500
0120132000684114,500
0215142000435686,500
0215142000440488,500
0806542000764552,500
0120132000684064,500
0806542000778099,500
0215142000443482,500
0120132000667192,500
0806542000769312,500
0606802000012812,500
0606802000012812,500
0806542000767738,500
0120132000652350,500
0806542000765500,500
0806542000806510,500
0806542000766326,500
0120132000660395,500
0215142000447517,500
0215142000443839,500
0120132000656849,500
0806542000765419,500
0806552000061198,500
0806542000767969,500
0806542000764883,500
0120132000667226,500
0806542000822590,500
0120142000076591,500
0120132000662078,500
5408072000031399,500
0806542000767878,500
0806542000766276,500
0120132000656807,500
0120132000655254,500
0120132000656856,500
0806542000770260,500
5408072000031464,500
0806542000767977,500
0120132000683918,500
5408072000033023,500
0215142000465576,500
0215142000438342,500
0120132000678686,500
0120132000678686,500
0120132000659819,500
0806542000777018,500
0120132000654240,500
0120132000654240,500
0120132000662045,500
0120132000654646,500
0215142000440009,500
0215142000437252,500
0806542000777117,500
0120132000664041,500
0806542000777075,500
0120142000076419,500
0215152000062182,500
0120132000664082,500
0120132000688578,500
0120132000654497,500
0120132000660403,500
0708082000001167,500
0215142000440975,500
0215142000450230,500
0120132000664652,500
0120132000673638,500
0120132000673638,500
0806542000768009,500
0215142000444571,500
0120132000679056,500
0120132000654562,500
0120132000654562,500
0120132000659470,500
0120142000073556,500
0806542000768892,500
0120132000660700,500
0215142000450255,500
0806542000780236,500
0120132000657201,500
0806552000060042,500
0120132000676870,500
0806542000768926,500
0215142000465808,500
0120132000684247,500
0806542000768157,500
0120132000658951,500
0120132000658951,500
0120132000658951,500
0806542000768140,500
0120132000655031,500
0215142000436320,500
0215142000441122,500
0120132000661435,500
0215142000450248,500
0120132000655064,500
0120132000654398,500
0606802000013042,500
0806542000770674,500
0215142000437245,500
0806542000768330,500
0806542000768470,500
0120132000662227,500
0215142000437088,500
0215142000437062,500
0215142000444787,500
0120132000688701,500
0806542000772738,500
0215142000441072,500
0120132000684361,500
0120132000655395,500
0215142000437906,500
0215142000437906,500
0806542000774288,500
0215142000445974,500
0806552000061339,500
0120132000694808,500
0806542000809290,500
0806542000809316,500
6106102000000202,500
0215142000444381,500
0215142000444381,500
0215142000439423,500
0215152000062257,500
0215152000062257,500
0120132000675518,500
0215142000446097,500
0120132000659132,500
0215142000440280,500
0120132000673786,500
0806542000769452,500
0215142000438326,500
0806542000768413,500
0806542000810157,500
0120132000685764,500
0215142000443748,500
0806542000772779,500
0806542000768462,500
6304192000001425,500
0806542000774478,500
0806542000775533,500
0806542000822764,500
0120132000654596,500
0120132000654596,500
5408072000031340,500
0215142000440702,500
0120132000684239,500
0806552000060711,500
0120132000657102,500
0120132000654380,500
0215142000465758,500
0120132000662276,500
0120142000076096,500
0120142000076096,500
0806542000769536,500
0120132000657110,500
0215142000442203,500
0806542000778156,500
0806542000772852,500
0215142000438847,500
0215152000062836,500
0215142000440306,500
0806542000774353,500
0806542000773017,500
0806542000770377,500
0806542000810298,500
0806542000769569,500
0120132000688651,500
0215142000444795,500
0215142000439175,500
0120132000684254,500
0120132000684254,500
0215152000060616,500
0215152000060616,500
0215152000060616,500
0120132000658746,500
0120132000685954,500
0120132000667358,500
0120142000077201,500
0215142000466335,500
0215152000060442,500
0806542000772928,500
0120132000655601,500
0120132000655635,500
0215142000441056,500
0120132000678678,500
0806542000772126,500
0806542000772977,500
0215142000446030,500
0806542000777992,500
0120132000657151,500
0120132000684379,500
0120132000667135,500
0120132000688800,500
0806542000807658,500
0120132000660718,500
0806542000771664,500
0215152000061929,500
0215142000445248,500
0806542000773827,500
0806542000771532,500
0120142000074901,500
0120142000074901,500
0120132000658001,500
0806542000778107,500
0806542000771854,500
0120132000657870,500
0806552000063087,500
0215152000062851,500
3006982000007960,500
0120132000659439,500
0120132000659231,500
0120132000659231,500
0215142000445933,500
0120132000679114,500
0606812000003851,500
0806542000773348,500
0806542000771847,500
0215142000440710,500
0806542000772662,500
0806542000773223,500
0215142000439639,500
0215142000439878,500
0215142000441742,500
0215142000452640,500
0120142000076039,500
0215142000466251,500
0806542000822699,500
0806542000773272,500
1706672000000712,500
0215142000440587,500
0806542000777257,500
5408072000031647,500
0120142000074125,500
0806542000780699,500
0120132000661310,500
0215142000441775,500
0215142000442880,500
0120132000668315,500
0120132000660742,500
0806542000779840,500
0120132000666871,500
0215142000443102,500
0215142000442229,500
0215142000442229,500
0606812000003786,500
0806542000773470,500
0120132000668646,500
0806542000773249,500
0215142000461385,500
0120142000074059,500
0215142000442740,500
0120132000668687,500
0120132000668687,500
0120132000668687,500
0606812000003794,500
0215142000455866,500
0120132000681177,500
0215142000442005,500
0806542000777505,500
0120132000660593,500
0806552000061081,500
0806542000779774,500
0120132000661294,500
0215152000061861,500
0215152000061861,500
0120132000681193,500
0120132000681193,500
0120132000681193,500
0806542000783578,500
0215142000442815,500
0215142000441999,500
0215142000454232,500
0215142000442401,500
0120132000668729,500
0120132000660940,500
0215142000444712,500
0215142000444712,500
0806542000810470,500
0120142000076088,500
0120132000706792,500
0120132000661732,500
0120132000682175,500
0215142000442344,500
0215142000442245,500
0120132000661385,500
0120132000690129,500
0120132000679239,500
0806542000774940,500
0806542000777588,500
0215152000060392,500
0215152000060392,500
0215152000060392,500
0806542000819125,500
0806542000819174,500
0215142000446105,500
0215142000443128,500
0120132000678645,500
0120132000661229,500
0120132000667457,500
5408072000031910,500
0120132000666012,500
0120132000675336,500
0120132000681227,500
0120132000667606,500
0806542000777216,500
0215142000451352,500
0120132000663175,500
0806542000778537,500
0215142000465675,500
5408082000004270,500
0120132000681250,500
0215142000463597,500
0215142000470469,500
0215142000462342,500
0120132000662920,500
0120132000663399,500
0120132000663118,500
0120132000681292,500
0120132000681292,500
0120132000662508,500
0806542000775871,500
0806542000819307,500
0215142000451345,500
0120132000663787,500
0215152000062216,500
0215142000442518,500
0806542000783453,500
0120132000680187,500
0806542000776028,500
0806542000783750,500
0215142000451428,500
0120132000675625,500
0215142000458597,500
0120132000666673,500
0120142000074471,500
5408072000032363,500
0120132000675740,500
0806542000796398,500
0120132000662938,500
6106092000000700,500
0806542000819257,500
0120132000684460,500
0806542000786803,500
0806542000779741,500
0120132000676276,500
0120132000676276,500
0120132000688891,500
0806542000779360,500
0215152000061317,500
0120132000684478,500
0215142000444910,500
0215142000443094,500
0120132000684510,500
0806542000777950,500
0120142000076641,500
0120142000076179,500
0806552000060968,500
0215142000444647,500
0120132000668885,500
0806542000777786,500
0806542000783495,500
0120142000074638,500
0215152000061259,500
0120142000073713,500
0120132000676086,500
0806542000776762,500
0120132000682860,500
0215142000443706,500
0215142000444100,500
0806542000798774,500
0806542000819240,500
0215142000454141,500
0806542000778149,500
0120132000665139,500
0120132000682324,500
0215142000444118,500
0215142000453788,500
0215142000453788,500
0806542000783784,500
0806542000819323,500
0120132000684619,500
0806542000797420,500
0120132000668968,500
0215142000449307,500
0806542000777471,500
0120132000666426,500
0120132000676763,500
0806542000779212,500
0806542000781093,500
0120132000678488,500
0120132000668935,500
0806542000781184,500
0215142000449190,500
0120132000671707,500
0120132000668919,500
0120132000686507,500
0806542000777869,500
0215142000446477,500
0806542000783792,500
0806542000819471,500
0806542000819356,500
1206042000001133,500
0215142000453325,500
0120132000684585,500
0120132000689030,500
0120132000676508,500
0120132000666756,500
0215142000445677,500
5408072000032801,500
0606812000003901,500
0120132000663779,500
0120132000675229,500
0806542000797412,500
0806552000061446,500
0120132000678504,500
0120132000681342,500
0120132000681375,500
0806542000783925,500
0120132000663043,500
0806542000781440,500
0215152000062984,500
0215142000445685,500
0806542000794401,500
0215142000451568,500
0215142000451568,500
0215152000061911,500
0806542000786654,500
0806552000064192,500
0806552000064184,500
0120142000076658,500
5408072000031936,500
0120132000662771,500
0806542000793080,500
0120132000666921,500
0806542000781358,500
5408072000032264,500
0120132000689048,500
5408072000032447,500
0120132000676193,500
0120132000682381,500
0120132000663159,500
0215142000458142,500
0806542000786746,500
0215142000446055,500
0120142000076237,500
0120132000682795,500
0806542000783222,500
0215142000445719,500
0806542000781390,500
0120132000682191,500
0806542000806759,500
0806542000781457,500
0215142000451477,500
0606812000003919,500
0120132000673836,500
0120132000682704,500
0120132000683355,500
0120132000663928,500
0215142000464892,500
0215142000458555,500
0120132000669073,500
0120132000665188,500
0120142000075080,500
0120132000676185,500
0215142000453382,500
0215142000463126,500
0806542000791456,500
5806712000006499,500
0806542000781275,500
5408072000031951,500
0215142000463290,500
0606802000013430,500
0215142000460619,500
0806542000792223,500
0806542000781341,500
6304192000001458,500
0806542000787223,500
0806542000781713,500
0806542000792280,500
0806542000781556,500
0120132000685509,500
0120132000663340,500
0120132000681425,500
0120132000681425,500
0806542000792249,500
0806542000797107,500
0806542000793585,500
0806542000823036,500
0120132000669172,500
0120132000675419,500
0120132000682688,500
0806542000788213,500
0806542000780400,500
0120132000674446,500
0806542000783339,500
0120132000663522,500
0215142000446246,500
0215142000459975,500
0806542000781655,500
0215142000466392,500
0806542000799137,500
0806542000781671,500
0806542000808607,500
0120132000669164,500
0806542000781648,500
0120132000673372,500
0120132000669156,500
0120132000674636,500
0120132000685475,500
0215142000449695,500
0215142000446162,500
0215142000446162,500
0215142000446162,500
0120132000669198,500
0120142000074026,500
0215142000456500,500
0806542000784113,500
0215142000448572,500
0120142000075700,500
0120142000075700,500
0120132000669248,500
0806542000785433,500
0120132000687208,500
0120132000666087,500
0120132000666087,500
0806542000781853,500
0806542000784188,500
0215142000451634,500
0120132000678462,500
0215142000447178,500
0806542000784204,500
0120132000664819,500
0215142000453101,500
0215142000447186,500
0806542000786498,500
0215142000459579,500
0215142000459579,500
0215142000459579,500
0215142000465337,500
0215142000448341,500
0120132000677381,500
0120142000074158,500
0215142000463134,500
0806542000784212,500
0806542000824216,500
0215142000455429,500
0120132000667481,500
0806542000794112,500
0215142000460106,500
0120132000665410,500
0806542000785110,500
0120132000686937,500
0806552000062295,500
0120132000684767,500
0215152000061366,500
0806542000786555,500
0120132000671152,500
0120132000689162,500
0120132000664561,500
0806542000785219,500
0806542000797396,500
0120132000668471,500
0215142000454901,500
0120142000075742,500
0806542000781788,500
0806542000797735,500
0806542000784311,500
0215142000453499,500
0120132000677373,500
0806542000785367,500
0215142000453341,500
0215142000453341,500
0120132000677126,500
0120132000674206,500
0120132000684007,500
0806542000782109,500
0120132000669347,500
0120132000664314,500
0120132000679163,500
0120132000682720,500
0215142000446360,500
0806542000785185,500
0215142000451642,500
0806542000788056,500
0120132000681599,500
0215142000460072,500
0215142000460072,500
0120132000673307,500
0806542000796927,500
0806542000787322,500
0806542000808615,500
0120132000684817,500
0806542000785318,500
0806542000791522,500
0215152000061531,500
0120132000684825,500
0215152000062208,500
0215142000446451,500
0215142000446451,500
0806542000797032,500
0120142000075759,500
0215142000457698,500
0120132000689212,500
0215142000449489,500
0806542000819653,500
0806542000819646,500
0215142000453168,500
0806542000784410,500
0120132000678959,500
0120142000076674,500
0120132000663852,500
0120132000675997,500
0215142000472028,500
0215142000451030,500
0215142000449257,500
0120132000684874,500
0806542000802022,500
0806542000799269,500
0120132000684882,500
0806542000802063,500
0120132000683579,500
0120132000683579,500
1706672000000704,500
0806542000785334,500
0806542000788254,500
0806542000784477,500
0120132000672341,500
0215142000455767,500
0120132000672994,500
0806542000782224,500
0215142000449034,500
0806542000784980,500
0120132000679197,500
0806542000791548,500
0215142000449877,500
0806542000795234,500
0120132000672382,500
0806542000796984,500
0120132000681557,500
0120132000672424,500
0215152000061754,500
0806542000798741,500
0806542000784543,500
0215142000451048,500
0806542000793684,500
0806542000795184,500
0806542000806742,500
0806542000797131,500
0120132000690897,500
0806542000787215,500
0606802000014305,500
0806542000824463,500
0806542000788833,500
0215142000453358,500
0120132000686002,500
0215142000462136,500
0806542000784576,500
0215142000461005,500
0120132000679940,500
0215142000459645,500
0120132000669495,500
0120132000679361,500
0120132000679361,500
0215142000462375,500
0120132000687109,500
0215142000463225,500
0215142000446592,500
0215142000447038,500
0806552000061321,500
0806542000826831,500
0120132000682878,500
0120132000664009,500
0806542000791621,500
0215142000463787,500
5408072000032561,500
0806542000788890,500
0120132000687265,500
0215142000446816,500
0215142000446816,500
5408072000032389,500
0215152000062877,500
0806542000783347,500
0806542000799343,500
0120132000665881,500
0120132000667937,500
0806542000788783,500
0806542000825312,500
0215142000459561,500
0215142000457029,500
0120132000669594,500
0215142000464918,500
0806542000826823,500
0215142000446758,500
0120132000674420,500
0120132000678843,500
0120132000687356,500
0215142000453507,500
0215142000463696,500
0215142000463696,500
0215142000463696,500
0806542000782810,500
0120132000682266,500
0606802000013455,500
0120132000669644,500
0120132000669651,500
0215142000446840,500
0708082000001449,500
0215142000455726,500
0215142000464926,500
0806542000794757,500
0120142000074893,500
0215142000459215,500
0215142000448507,500
0120132000674594,500
0806542000789054,500
0215142000449786,500
0606802000013331,500
0120132000676821,500
0120132000685004,500
0215142000456021,500
0215142000446873,500
0215142000473380,500
0215142000473380,500
0606812000004065,500
0120132000674370,500
0806542000797206,500
0806552000064325,500
0806542000796497,500
0120132000671129,500
0806542000791704,500
0215142000448655,500
0215142000446931,500
0806542000787447,500
0806542000788940,500
0806542000794823,500
0120132000679452,500
0215152000061697,500
0215142000457086,500
0120132000664272,500
0806542000788965,500
0806542000788106,500
0120132000669727,500
0120132000681615,500
0120132000681615,500
5806722000001473,500
5806722000001473,500
5806722000001473,500
0215142000475419,500
0120132000676334,500
0120132000681672,500
0215142000456591,500
0120142000075106,500
0120132000689287,500
0215142000463001,500
0215142000447103,500
0806542000790938,500
0806542000795226,500
0120132000677324,500
0120132000677324,500
0120132000664926,500
0806542000784824,500
0806542000793320,500
5408072000032769,500
0120132000681706,500
0120132000665683,500
0806542000785417,500
0806542000789237,500
0806542000807757,500
0120132000683660,500
0120132000679494,500
0120132000668224,500
0806542000786902,500
0806542000787066,500
0120132000669800,500
0120132000672549,500
0806542000788593,500
0806542000799434,500
0215142000462714,500
0215142000453812,500
0215142000453812,500
0215152000062737,500
0120132000679486,500
0215142000449935,500
0120132000666491,500
0806542000826930,500
0120132000689378,500
0120132000677886,500
0120132000669826,500
0806542000798287,500
0120142000074935,500
0215142000449554,500
0120132000664504,500
0215142000454513,500
0120132000677449,500
0120132000673919,500
0120132000685012,500
0215142000466061,500
0120132000681748,500
0806542000787595,500
0215142000451741,500
0215152000060871,500
0120132000702627,500
0806542000789385,500
0120132000679528,500
0120132000669958,500
0215152000060889,500
0806542000793833,500
0120132000685061,500
0120142000074521,500
0215142000453945,500
0806542000798212,500
0215142000458381,500
0120132000681805,500
0120132000681805,500
0120132000673208,500
0120132000673208,500
0215142000455551,500
0806542000827052,500
0120132000671343,500
0120132000673141,500
0806542000785458,500
0806542000796620,500
0215142000464868,500
0806542000789401,500
0806542000786183,500
0215142000464934,500
0806542000827102,500
0120132000687612,500
0806542000786308,500
0215152000061705,500
0215142000455833,500
0806542000794575,500
0120142000076682,500
0120132000670055,500
0120132000681862,500
0215142000456617,500
0806542000789435,500
0215142000453556,500
0215142000456047,500
0215142000466640,500
0215142000466665,500
0606802000015104,500
0806542000820057,500
0120132000685137,500
0215142000447251,500
0215142000447251,500
0806542000797602,500
0120132000672598,500
0120132000681797,500
0120132000700290,500
0120132000700290,500
0120132000681821,500
0215142000460981,500
0806542000785946,500
0806542000828258,500
0215142000459736,500
0120142000074265,500
0120142000077367,500
0215142000465550,500
0215142000451097,500
0120132000670154,500
0215142000449414,500
0120142000077805,500
5408072000032538,500
0215142000456690,500
0120132000687737,500
0215142000463068,500
0120132000665816,500
0806542000789815,500
0120142000074836,500
0120142000074836,500
0215142000455544,500
0215142000455544,500
0215142000455544,500
0806542000785623,500
0806542000789823,500
0120132000687786,500
0215142000453572,500
0806542000796554,500
0806542000798527,500
0806542000786969,500
0806542000796521,500
0120142000074877,500
0215142000448374,500
0806542000794922,500
0215142000456674,500
0806542000795333,500
0120132000681904,500
0120132000681904,500
0120132000687844,500
5408072000032132,500
0120132000666608,500
0806542000789773,500
0806542000787710,500
0806542000789807,500
0806542000786274,500
0120132000677936,500
0120132000687810,500
0120132000685244,500
0120132000685244,500
0806542000789906,500
0215152000060988,500
0215142000447756,500
0806542000793213,500
0120132000666624,500
0120132000677100,500
0215142000448200,500
0215142000449992,500
0215142000458589,500
0215142000450578,500
0215142000450578,500
0215142000450578,500
0215142000448382,500
5806712000006515,500
0806542000788221,500
0806542000785904,500
0806542000791977,500
0120132000677142,500
0806542000787793,500
0806542000820198,500
0806542000802832,500
0806542000787819,500
0806542000820230,500
5408072000032884,500
0120132000687836,500
0806542000785912,500
0120132000686176,500
0215152000062133,500
0806542000789997,500
0215142000447814,500
0806542000789872,500
0120142000075569,500
0806542000795002,500
5806712000006655,500
0120132000671228,500
5806712000006556,500
0806542000787843,500
0215142000451964,500
0806542000785938,500
0806542000806726,500
0215142000465840,500
0215142000474552,500
0806542000790037,500
0806542000796026,500
0806542000786373,500
0806542000828357,500
0806542000807849,500
0120132000687919,500
0806542000807823,500
0215142000459686,500
5408082000004353,500
0806542000799616,500
0120132000671251,500
0215142000454133,500
0215152000061721,500
0215152000061721,500
0120132000681946,500
0806542000800299,500
0120132000687927,500
0806542000810991,500
0120132000681953,500
0215142000452012,500
0120132000687968,500
0215142000450396,500
0120132000673273,500
0120142000078746,500
0215142000463357,500
0806542000789948,500
0806542000793437,500
0215142000457367,500
0215142000457367,500
0120132000680559,500
0120132000688016,500
0806542000792645,500
0120132000671541,500
0120132000671541,500
0215142000456765,500
0120132000672085,500
0215142000458225,500
0215142000450347,500
0708082000001100,500
0708082000001100,500
0120132000678009,500
0120132000688040,500
0120132000678249,500
0806542000809555,500
0120132000685368,500
0806542000807948,500
0120132000672713,500
0806542000800174,500
0120132000673323,500
0120132000672135,500
0806552000062832,500
0215142000456351,500
0120142000076013,500
0806542000790185,500
0120132000685384,500
0806542000790128,500
0806542000790318,500
0806542000799715,500
0806542000795770,500
0806552000061800,500
0120142000076021,500
0120142000076021,500
0215142000450354,500
0215142000452210,500
0806542000800026,500
0120132000670584,500
0806542000788049,500
0806542000800125,500
0806542000793916,500
0120132000686424,500
0120132000671731,500
0120132000670618,500
0806542000820271,500
0806542000811189,500
0120132000678751,500
0120132000689600,500
0806542000800240,500
0120132000688115,500
0120132000688115,500
0215142000464421,500
0215142000453655,500
0606802000014917,500
0606802000014917,500
0215142000457672,500
0120132000673398,500
0215142000457680,500
0120132000672630,500
0120132000686697,500
0120132000689626,500
0215142000458233,500
0120132000688172,500
6304192000001482,500
0120132000672671,500
0120132000672671,500
0120132000672671,500
0606802000013760,500
0120132000672820,500
0120132000706800,500
0806542000792157,500
0120132000685806,500
0120132000685806,500
0606812000003992,500
0215142000460585,500
0215142000452764,500
0215142000451147,500
0120132000686119,500
0120132000686119,500
0215142000451998,500
0120132000686721,500
0120132000686721,500
0806542000799731,500
0806542000828514,500
0806542000793551,500
0120132000680674,500
0806542000845187,500
0806542000790540,500
0806542000828563,500
0215142000455940,500
0120132000680575,500
0806542000811114,500
0215142000452343,500
0215142000458399,500
5806712000006564,500
5806712000006564,500
0806542000795366,500
0120132000670725,500
5408072000032652,500
0806542000798543,500
0806552000063202,500
5408082000004312,500
0806542000820420,500
0120132000682092,500
0806542000797834,500
0215152000062661,500
0120132000679775,500
0806542000812922,500
0806542000793577,500
0215142000461211,500
0806542000796695,500
0120132000689691,500
0806542000799814,500
0806542000799830,500
0120132000679783,500
0215142000455981,500
0120132000688263,500
0120132000673471,500
0215142000470477,500
0806542000828647,500
0806542000811387,500
0120132000674867,500
0806542000812575,500
0708082000001126,500
0806542000796836,500
0215142000460320,500
0120132000677027,500
0120132000677027,500
0120132000694774,500
0215142000462946,500
0606802000014461,500
0806542000795739,500
0215142000456294,500
0215142000456294,500
0120132000677456,500
0120132000677456,500
0120132000692117,500
0215142000453879,500
0215142000453879,500
0215142000460304,500
0215142000454828,500
0806542000813284,500
0806542000802477,500
0215142000461039,500
0215142000457714,500
0806542000795598,500
0120132000679874,500
0215142000457730,500
0806542000802485,500
0806542000802535,500
0806542000811528,500
0120132000682134,500
0120132000686895,500
0806542000808110,500
0806542000813227,500
0806542000800257,500
0215142000459850,500
0120132000690178,500
0806542000813235,500
0215142000460924,500
0215142000455213,500
0120132000682670,500
0215142000465022,500
0120132000689758,500
0120132000689808,500
0215142000470451,500
0120132000685681,500
0120132000706784,500
0120142000077565,500
0806542000798915,500
0806542000798352,500
0215142000463944,500
1706672000000795,500
0806542000802444,500
0806542000800273,500
0120132000699401,500
0215142000456963,500
0806542000811627,500
0215142000458241,500
0806542000801248,500
0215142000472192,500
0120132000696225,500
0806542000813409,500
0806542000801214,500
0120132000702528,500
0215142000464462,500
0120132000688446,500
0120132000688446,500
0120132000688446,500
0120132000688446,500
0806542000813789,500
0806542000813839,500
0215142000458860,500
0215142000468067,500
0120132000709192,500
0806542000808318,500
0806542000820636,500
0120132000694378,500
0215142000460791,500
0120132000693073,500
0806542000829868,500
0120132000691572,500
0806542000801222,500
0120132000694865,500
0806542000801784,500
0215142000465295,500
0806542000811759,500
0120132000699773,500
0120132000685467,500
0806542000811775,500
0806542000808185,500
0215142000460254,500
0215142000467002,500
0215142000464173,500
0215152000063099,500
0806542000807419,500
0215142000469115,500
0120132000698189,500
0120132000691465,500
0806542000801818,500
0806542000816915,500
0806542000802626,500
0120132000698627,500
0120132000690509,500
0215142000461245,500
0215142000460692,500
0120132000690921,500
0120132000690921,500
0120132000698874,500
0806542000813888,500
0215142000469875,500
0120142000078944,500
0120142000078944,500
0806542000811841,500
0120132000689840,500
0215142000460387,500
0215152000063164,500
0215152000063180,500
0120132000693222,500
0215142000474081,500
0806542000812476,500
0120142000078290,500
0215142000465352,500
0120132000699260,500
0606802000014354,500
0806542000807286,500
0120132000702460,500
0215142000462219,500
0806542000820792,500
0806542000806973,500
0806542000807047,500
0806542000807302,500
0120132000694931,500
0215142000471681,500
0806542000808722,500
0120132000690061,500
0806542000820818,500
0120132000694881,500
0806542000807187,500
0215142000464033,500
0120132000696332,500
0215142000462284,500
0120132000696928,500
0806542000807435,500
0120132000702700,500
0120132000700555,500
0606802000014693,500
0806542000807567,500
0806542000807518,500
0806542000818101,500
0120132000699435,500
0806542000807559,500
0120132000690616,500
0215142000468703,500
0806542000807625,500
0806552000062972,500
0120132000696746,500
0120132000695151,500
0806542000820891,500
0120132000692661,500
0120132000692661,500
0120132000690541,500
0215142000463985,500
0215142000474131,500
0120132000701041,500
0606802000015013,500
0806542000808672,500
0120142000078282,500
0215142000464298,500
0806542000818663,500
0120132000690210,500
0120132000695193,500
0120132000695193,500
0215142000471723,500
0120132000692067,500
0806542000820958,500
0215142000464637,500
0215142000464280,500
0215142000469693,500
0806542000808730,500
0215142000464306,500
0215142000469743,500
0215142000469743,500
0215142000469750,500
0215142000469800,500
0120132000692158,500
0215142000476524,500
0120132000696340,500
0806542000816386,500
0215142000465204,500
0120132000692042,500
0120132000692042,500
0806542000814506,500
0215142000471715,500
0120132000697579,500
5408072000034146,500
0215142000471152,500
0806542000812864,500
0215142000467663,500
0120132000692133,500
0806542000814704,500
0120132000701439,500
0215152000063594,500
0806542000823333,500
0120132000702890,500
0215142000476698,500
0120132000701512,500
0806542000821048,500
0120132000694915,500
0215142000473232,500
0215152000065698,500
0215152000065698,500
0120132000693529,500
0120132000695730,500
0120132000691762,500
0215142000469941,500
0120132000691044,500
0215142000471673,500
0120132000692109,500
0215142000469925,500
0215142000467200,500
0120132000695912,500
0806542000817293,500
5408072000033502,500
0215142000469669,500
0120132000697132,500
0215142000468018,500
0215142000467234,500
0120132000691051,500
0120132000697165,500
0120132000706685,500
0215142000468182,500
0215142000474016,500
0120132000691101,500
0215142000474180,500
0215152000063198,500
0806542000812237,500
0215142000473992,500
0806542000821121,500
0215142000476144,500
0215152000064170,500
0215152000064170,500
0120132000691150,500
5408072000033551,500
0120132000699534,500
0215142000467176,500
0806542000822459,500
0120132000697264,500
0215142000474222,500
0120132000692778,500
0120132000698999,500
0120132000698999,500
0708082000001373,500
0120132000699559,500
0215142000468257,500
0215142000468257,500
0215142000468257,500
0215142000468257,500
0120132000701066,500
0120132000701066,500
0806542000818903,500
0806542000819018,500
0806542000819067,500
0806542000821287,500
0215142000468620,500
0120132000701546,500
0215142000470758,500
0806542000815776,500
0806542000821337,500
0806542000823101,500
0120132000700712,500
0806542000815396,500
0806542000825155,500
0120132000696613,500
0120132000696613,500
0120132000696613,500
0120132000696613,500
0120132000703427,500
0806542000818440,500
0215142000476359,500
0215142000475336,500
0806542000825080,500
0120132000695441,500
0806542000815230,500
0806542000822301,500
0806542000815263,500
0806542000817731,500
0120132000700795,500
0120132000699666,500
0215142000468091,500
0120132000696829,500
0120132000698650,500
0806542000816931,500
0215142000470428,500
0120132000703161,500
0215142000469412,500
0215142000471004,500
0215152000063867,500
0120132000694758,500
0120132000694758,500
0215142000470923,500
0806542000822137,500
0215142000474271,500
0806542000817848,500
0806542000818531,500
0215142000471921,500
0215142000470501,500
0120132000695458,500
0120132000699682,500
0120132000697595,500
0806542000821485,500
0215142000470972,500
0215152000063396,500
0120132000701660,500
0120132000699740,500
5806712000006846,500
0215142000471319,500
0120132000706768,500
0806542000821543,500
0215142000473190,500
0806542000824679,500
0806542000824547,500
0120132000697611,500
0120132000698304,500
0806542000822525,500
0806542000823713,500
0120132000697785,500
0215142000471103,500
0806542000826393,500
0806542000827383,500
5408072000034476,500
0215142000473968,500
2506882000000147,500
2506882000000147,500
0120132000707543,500
0120132000703732,500
0215142000472952,500
0120132000699997,500
0120132000709143,500
0806542000824992,500
0806542000827268,500
0215142000473091,500
0120132000704169,500
0215142000477910,500
0806542000825601,500
0215142000473315,500
0120132000707196,500
0120142000079694,500
0215142000473018,500
0806542000825379,500
0120132000704300,500
0806542000827201,500
0215142000476649,500
0215142000476557,500
0806542000827656,500
0215142000476433,500
0606802000015450,500
0215142000473794,500
0806542000827672,500
0120132000706560,500
0120132000706560,500
0120132000706560,500
0215142000473596,500
0215142000473547,500
0120132000706941,500
0120132000708897,500
0120132000708897,500
0806542000828761,500
0215142000474628,500
0215142000476722,500
0806542000828993,500
0806542000830619,500
0215142000476532,500
0215142000476581,500
0806542000839198,500
0806542000840899,500
0806542000828837,500
0120132000707030,500
0806542000828035,500
0806542000830791,500
0215142000478058,500
0806542000829579,500
0806542000830254,500
0806542000834975,500
0215142000477928,500
0806542000830270,500
0806542000830841,500
0120132000704664,500
0215142000477845,500
0806542000835956,500
0120132000713285,500
0120132000709929,500
0215152000065706,500
0806542000835246,500
0215142000479288,500
0120132000709283,500
0120132000705927,500
0120132000710075,500
0120132000706263,500
0806542000839495,500
0215142000477746,500
0215142000477746,500
0215142000477621,500
0215152000064113,500
0215142000478520,500
0120132000707477,500
0215142000478553,500
0120132000710729,500
0120132000710729,500
0120132000710729,500
0120132000710729,500
0606802000015146,500
0120132000710620,500
0806542000839917,500
0120132000709366,500
0215142000479973,500
0215142000480369,500
0806542000841137,500
0215142000480591,500
0215142000480591,500
5806712000006994,500
0806542000843638,500
0120132000722443,500
0120132000715454,500
0215152000065243,500
0215152000065243,500
0215142000488289,500
0806542000849056,500
0806542000854510,500
0215142000494295,500
0215142000485467,500
0215142000488693,500
0120132000721551,500
0215142000492943,500
0215142000491770,500
